name,label
3272036006005-fraise-des-bois-moulin-de-valdonne.jpg,1
3254560046054-biscottes-auchan.jpg,0
20240356-munster-gerome-27-mg-saveurs-de-nos-regions.jpg,0
20424633-yaourt-nature-12-pots-milbona-lidl-stiftung-co-kg.jpg,0
3270160199686-4-paves-de-saumon-keta-du-pacifique-avec-peau-congeles-picard.jpg,0
26065380-camembert-au-lait-pasteurise-21-mg-destrier.jpg,0
3263851200310-chocolat-noir-aux-noisettes-leader-price.jpg,0
20425609-multigrain-hoops-crownfield.jpg,0
3263851282316-rillettes-de-thon-leader-price.jpg,0
20669386-beurre-tendre-doux-envia.jpg,0
3250541918006-maille-mayonnaise-fine-qualite-traiteur-maille.jpg,0
3263859422813-oeufs-dates-du-jour-de-ponte-x-6-calibre-gros-leader-price.jpg,0
3270160159208-4-saucisses-de-toulouse-surgelees-picard.jpg,0
3256221011432-chips-nature-a-l-ancienne-u.jpg,0
3263859444723-jambon-superieur-4-tranches-leader-price.jpg,0
3256220210393-super-u-genoises-nappees-de-chocolat-noir-fourrees-orange-u.jpg,0
3256540035621-pains-au-chocolat-x-8-au-levain-360-g-brioche-pasquier-brioche-pasquier-pasquier.jpg,0
3254560127234-coeur-de-mie-extra-moelleux-nature-auchan.jpg,0
3261053411206-couscous-royal-poulet-merguez-boulettes-de-viande-garbit.jpg,0
26008202-huile-de-tournesol-buttella.jpg,1
26008233-mayonnaise-a-la-moutarde-de-dijon-morvandelles.jpg,0
3270160863631-gnocchis-au-pesto-et-tomates-marinees-picard.jpg,0
3256220269735-houmous-u.jpg,1
3270160596973-riz-cuisine-a-l-espagnole-picard.jpg,0
26015071-sardines-a-l-huile-de-tournesol-lot-de-2-boites-les-doris.jpg,0
30040892-creme-entiere-de-normandie-elle-vire.jpg,0
87108712-mentos-fruit-mentos.jpg,0
3256220280167-lentilles-u-bio-u.jpg,0
42120887-pesto-alla-genovese-baresa.jpg,1
30068834-2-fresh-parfum-menthe-verte-chlorophylle-hollywood.jpg,0
3252755250002-20-madeleines-longues-marbrees-au-chocolat-le-ster-le-patissier-le-ster.jpg,0
20430733-noir-noisettes-entieres-bellarom.jpg,0
3270190114055-cookies-chocolat-noisettes-carrefour.jpg,0
26027104-6-oeufs-frais-bon-et-bio-pondus-en-france-picota.jpg,0
20437589-spaghetti-cuisson-rapide-combino.jpg,0
3265474528000-isio-4-touche-d-olive-lesieur.jpg,1
87157635-tomato-ketchup-heinz.jpg,1
20266394-fromage-blanc-nature-0-matiere-grasse-lidl-linessa-envia.jpg,0
3259426021053-le-moelleux-original-ker-cadelac.jpg,0
3256220264495-4-muffins-au-ble-complet-u.jpg,0
26067155-jambon-cuit-superieur-au-torchon-4-tranches-le-marsigny.jpg,0
3270190026648-amandes-decortiquees-carrefour.jpg,0
3263859451417-10-knacks-leader-price-dlp-distribution-leader-price-groupe-casino.jpg,0
3256220110259-petits-pains-grilles-au-ble-complet-u-u.jpg,0
3252971585858-les-crozets-nature-alpina.jpg,0
3270190197867-biscottes-multicereales-carrefour.jpg,0
3255691002995-haricots-verts-extra-fins-660-g-rochefontaine-rochefontaine.jpg,0
3265479724001-vinaigrette-legere-vinaigre-balsamique-ciboulette-echalotes-puget.jpg,1
3270190021278-coeur-complice-carrefour.jpg,0
3272030002232-sirop-de-grenadine-moulin-de-valdonne.jpg,1
3250546606267-mayonnaise-de-dijon-amora-unilever.jpg,0
3259011090532-croc-seitan-legumes-fondants-et-tomates-confites-soy.jpg,0
21151787-feta-aop-23-mg-affinee-en-saumure-eridanous.jpg,0
3258590001373-chocolat-noir-95-dardenne.jpg,0
26019499-petales-aux-trois-cereales-aux-copeaux-de-chocolat-noir-swing.jpg,0
3270190128533-36-biscottes-au-germe-de-ble-carrefour-bio-carrefour.jpg,0
3256222645612-ratatouille-u-bio-u.jpg,1
3270190127536-confiture-d-oranges-au-sucre-de-canne-carrefour.jpg,1
3266191001951-sirop-d-agave-la-vie-claire.jpg,1
26073521-brioche-tranchee-pur-beurre-les-patissades.jpg,0
3254560020764-pulpe-de-tomate-auchan.jpg,0
75032814-corona-extra-corona-ab-inbev.jpg,1
27018255-pain-au-lait-sans.jpg,0
3250391885510-sirop-d-erable-itineraire-des-saveurs.jpg,0
29003006-jus-petit-dejeuner-goldhorn.jpg,0
26017198-creme-fraiche-allegee-milsani.jpg,0
3251490423108-muesli-aux-fruits-gerble.jpg,0
20208646-smooothie-ananas-banane-et-noix-de-coco-chef-select-to-go-naturis.jpg,1
3259010108085-croc-seitan-a-l-indienne-soy.jpg,0
3256222254319-sauce-barbecue-u.jpg,1
3256540035119-brioche-tressee-au-levain-brioche-pasquier.jpg,0
20514914-cola-freeway.jpg,1
3261055939029-les-saucisses-aux-lentilles-100-poulet-william-saurin.jpg,0
3263859780111-yaourt-nature-leader-price-dlp-distribution-leader-price-groupe-casino.jpg,0
3270160493340-tagliatelles-aux-truffes-blanches-d-ete-et-aux-champignons-de-paris-surgele-picard.jpg,1
3256221129151-lentilles-preparees-800-g-u-u.jpg,0
3270190006541-mais-doux-croquant-carrefour.jpg,0
3250541920139-mayonnaise-fin-gourmets-qualite-traiteur-maille.jpg,0
3256221674620-le-paris-sans-couenne-u.jpg,0
29039623-edel-bitter-85-kakao-moser-roth-aldi.jpg,0
3263852922112-petit-beurre-leader-price.jpg,0
87157079-barbecue-sweet-heinz.jpg,1
3254550025984-beure-de-baratte-doux-isigny-ste-mere.jpg,0
80042532-double-concentre-de-tomate-mutti.jpg,0
20427634-2-panes-au-colin-d-alaska-atlantic-lidl-stiftung-co-kg.jpg,0
3270160066094-potage-melange-de-legumes-picard.jpg,0
26038476-bonbons-cassis-sans-sucre-feel-free.jpg,0
3270190151654-eclats-de-feves-de-cacao-noir-carrefour.jpg,0
80177128-nutella-hazelnut-spread-with-cocoa-ferrero-nutella.jpg,0
3263670434910-thon-blanc-germon-au-naturel-label-rouge-connetable.jpg,0
80310709-tic-tac-menthe-extra-fraiche-ferrero-tic-tac.jpg,0
3263670123616-sardines-a-l-ancienne-a-l-huile-d-olive-vierge-extra-aux-tomates-sechees-connetable.jpg,0
3261053456603-couscous-royal-poulet-boeuf-garbit.jpg,1
3256540001244-pains-au-lait-touche-de-miel-pasquier.jpg,0
3254560072930-pate-a-tartiner-aux-noisettes-et-au-lait-ecreme-auchan.jpg,0
3250392152666-mon-paris-monique-ranou.jpg,0
3250391773909-biscuits-petit-dejeuner-cereales-noisettes-et-pepites-de-chocolat-chabrior-selection-des-mousquetaires-les-mousquetaires.jpg,0
20346256-sauce-crudites-nature-kania.jpg,1
3250391774029-muesli-croustillant-chabrior.jpg,0
3270190205678-oeufs-de-poules-elevees-en-plein-air-calibre-gros-carrefour-cmi-carrefour-marchandises-internationales-groupe-carrefour.jpg,0
20182137-petits-suisses-10-1-mat-gr-milbona-envia.jpg,0
3259010201205-grinioc-sarrasin-et-comte-soy.jpg,0
3254560272828-beurre-doux-gastronomique-82-mg-auchan.jpg,0
3263852912410-speculoos-leader-price.jpg,0
3270160664405-16-macarons-chocolat-vanille-framboise-cafe-picard.jpg,0
3265479278009-isio-4-mini-lesieur-isio-4.jpg,0
3270160137824-melange-de-legumes-avec-morceaux-picard.jpg,0
20446284-8-galettes-de-legumes-courgettes-carottes-petits-pois-green-grocer-s.jpg,0
3263850457012-lait-de-coco-leader-price.jpg,1
3263852003811-miel-de-fleurs-bio-leader-price.jpg,0
3270190020998-creme-fraiche-epaisse-entiere-30-mg-carrefour-cmi-carrefour-marchandises-internationales-groupe-carrefour.jpg,0
3270160696611-pates-crevettes-courgettes-grillees-sauce-basilic-surgele-picard.jpg,0
3259010500018-biosoy-nature-soy-biosoy-nutrition-nature-nutrition-sante.jpg,1
87157741-yellow-mustard-new-york-deli-style-classic-heinz.jpg,1
3256224332336-emmental-francais-rape-30-mg-u.jpg,0
3252753110001-quatre-quart-pur-beurre-le-ster-le-patissier.jpg,0
3270160591763-quinoa-et-cereales-cuisines-aux-petits-legumes-picard.jpg,0
0024463061163-sriracha-hot-chili-sauce-huy-fong-foods-huy-fong-foods-inc.jpg,1
30000117-le-pate-henaff-henaff.jpg,0
3255420014305-maroilles-quart-26-mg-fauquet.jpg,0
0016000264694-crunchy-granola-bars-oats-n-honey-nature-valley.jpg,0
3256220288576-comte-aop-34-mg-u.jpg,0
40084176-kinder-country-kinder-ferrero.jpg,0
3256222215136-sardines-a-la-sauce-tomate-systeme-u.jpg,0
3270160813001-saumon-et-colin-d-alaska-a-l-oseille-pomme-de-terre-a-l-etouffee-surgeles-picard-formule-express.jpg,0
3270160726080-aiguillettes-de-poulet-a-la-moutarde-et-au-citron-ecrasee-de-pommes-de-terre-et-de-carottes-surgelees-picard.jpg,0
20229511-noir-degustation-81-cacao-j-d-gross-deluxe-lidl-stiftung-co-kg-schwarz-beteiligungs-gmbh.jpg,0
26035826-madeleines-coquille-tante-odile.jpg,0
3270190191520-orange-100-pur-fruit-presse-carrefour.jpg,1
20334260-biscottes-froment-maitre-jean-pierre-rivercote.jpg,0
20396824-blanc-de-poulet-a-la-provencale-4-tranches-saint-alby-lidl-stiftung-co-kg.jpg,0
3256224059738-pizza-chorizo-d-espagne-u.jpg,0
50819249-fisherman-s-friend-original-lofthouse-of-fleetwood-ltd.jpg,0
40144283-werther-s-original-werther-s-original-storck.jpg,0
20292447-ail-fines-herbes-milbona.jpg,0
20422424-tomato-ketchup-allege-en-sucres-kania.jpg,1
3263850982019-boisson-au-soja-nature-leader-price.jpg,0
3252378001050-sel-equilibre-cerebos.jpg,1
20593766-12-mini-financiers-deluxe-lidl.jpg,0
3270190207443-lait-de-montagne-entier-carrefour-groupe-carrefour.jpg,0
90494758-nestea-peche-blanche-nestea-nestle.jpg,1
3265472161001-isio-4-lesieur.jpg,1
3261055930439-le-cassoulet-mitonne-william-saurin.jpg,0
3268350120145-twibio-chocolat-le-moulin-du-pivert.jpg,0
3256223264737-sables-nappes-chocolat-noir-u-bio-u.jpg,0
90494031-minute-maid-pomme-minute-maid.jpg,1
22016256-yogourt-rhubarbe-vanille-migros-m-classic-elsa.jpg,0
3256224632047-le-superieur-sans-couenne-u.jpg,0
26039695-noir-74-cacao-scholetta.jpg,0
3256222414270-ravioli-bolognaise-u.jpg,1
3256221978063-eminces-de-poulet-grille-u.jpg,0
3263852917118-galettes-suedoises-au-chocolat-et-flocons-d-avoine-leader-price.jpg,0
26067506-jambon-superieur-decouenne-degraisse-4-tranches-le-marsigny.jpg,0
3256220271578-galettes-bretonnes-pur-beurre-u.jpg,0
3250391737130-petit-beurre-avec-tablette-de-chocolat-noir-bio-chabrior-chabrior-selection-intermarche.jpg,0
3257980019547-creme-fraiche-epaisse-30-mg-cora.jpg,0
3257984547589-blanc-de-dinde-gout-fume-cora.jpg,0
3256223510315-eau-petillante-u.jpg,1
3250392152635-mon-paris-25-de-sel-en-moins-monique-ranou.jpg,0
26029115-pate-a-tartiner-aux-noisettes-tartichoc.jpg,0
26008257-huile-d-olive-vierge-extra-bio-bon-et-bio-l-olivae.jpg,1
0024094070343-fusilli-no-34-de-cecco-f-lli-de-cecco-di-filippo-fara-s-martino-s-p-a.jpg,1
26022765-canneberges-sechees-trader-joe-s-trader-joe-s-trader-joe-s.jpg,0
84100733-original-oreo.jpg,0
3263859475215-carottes-rapees-leader-price.jpg,0
20406684-boulghour-aux-legumes-du-soleil-saladinettes-lidl-stiftung-co-kg-lidl.jpg,0
3259010101208-tofou-nature-soy-nutrition-nature-s-a-s.jpg,0
3270190022534-pate-feuilletee-carrefour.jpg,0
3270190006954-sirop-de-fraise-carrefour.jpg,1
26035895-choco-duo-mes-p-tits-secrets-coverna.jpg,0
3256220063883-super-choco-u.jpg,1
3270160861811-soupe-de-courge-poulet-et-lait-de-coco-picard.jpg,0
20466558-jambon-cuisine-a-l-os-avec-couenne-saint-alby.jpg,0
20345365-jambon-de-paris-sans-couenne-x-6-tranches-l-espiguette-saint-alby.jpg,0
20621490-vitelle-nut-clusters-crownfield-lidl.jpg,0
3256830010062-dauphine-mc-cain.jpg,0
3270190189763-vinaigre-balsamique-de-modene-carrefour.jpg,1
3256830006973-original-bun-s-4-poulets-fromage-frais-mccain.jpg,0
3259426030666-madeleines-extra-moelleuses-ker-cadelac.jpg,0
3254380003756-eau-de-source-cristaline.jpg,1
20279332-sucres-en-morceaux-navarre.jpg,0
20197070-foie-gras-de-canard-entier-g-succes-gourmand.jpg,0
3263852925311-bio-biscuits-tablette-chocolat-au-lait-leader-price.jpg,0
3263859493714-quenelles-lyonnaises-pur-beurre-nature-leader-price.jpg,0
26001197-pur-jus-d-orange-pur-fruit.jpg,1
50251094-kitkat-nestle.jpg,0
3270190207917-special-sandwich-nature-x-14-grandes-tranches-carrefour-cmi-carrefour-marchandises-internationales-groupe-carrefour.jpg,0
3263850028311-huile-d-olive-vierge-extra-leader-price.jpg,1
3270160860401-lasagnes-aux-legumes-grilles-et-a-la-mozzarella-surgelees-picard-formule-express.jpg,0
3251490304001-gouter-4s-aux-pommes-gerble.jpg,0
20534097-crudites-jambon-fume-mozzarella-conchiglie-mini-torsades-chef-select-to-go.jpg,0
20208059-quatre-quarts-delices-de-kerloch.jpg,0
20554729-pate-a-tartiner-choco-nussa.jpg,1
80052036-nutella-ferrero-nutella.jpg,0
3270190020936-fromage-blanc-0-carrefour.jpg,0
42189633-menthol-extreme-airwaves-wrigley-s.jpg,0
3256220368223-cookies-pepites-de-chocolat-et-quinoa-pur-beurre-u-u-bio.jpg,0
3254560599741-limonade-a-l-arome-naturel-d-agrumes-auchan.jpg,1
3256223377444-boisson-au-soja-vanille-bio-1-litre-u-bio-u-bio-u.jpg,1
3263855093697-lait-demi-ecreme-leader-price-dlp-distribution-leader-price-groupe-casino.jpg,1
3256220179805-cuillers-patissiers-u.jpg,0
3254560321656-roquefort-au-lait-cru-de-brebis-32-mg-auchan.jpg,0
3270160741939-2-paves-de-saumon-atlantique-bio-picard.jpg,0
20381523-evo-choc-sondey.jpg,0
3270160688449-veloute-patate-douce-carotte-jaune-et-ciboulette-picard.jpg,0
3263859421014-oeufs-de-poules-elevees-en-plein-air-bio-leader-price.jpg,0
20458478-jambon-superieur-25-de-sel-saint-alby.jpg,0
3270190210542-fromage-blanc-saveur-vanille-0-carrefour.jpg,0
3259010201403-grinioc-millet-et-champignons-soy.jpg,0
3270160813681-lasagnes-aux-legumes-grilles-et-a-la-mozzarella-surgelees-picard.jpg,0
3270190207887-madeleine-coquilles-aux-oeufs-frais-carrefour.jpg,0
3256223661185-noix-de-cajou-grillees-issues-de-l-agriculture-biologique-u.jpg,0
3258561430874-billes-de-mozzarella-17-mg-belle-france.jpg,0
3270726163120-cranberries-mix-cranberries-amandes-et-noix-de-pecan-daco-bello-daco-bello.jpg,0
3254560066298-couscous-grain-moyen-auchan.jpg,0
3263855094229-100-pur-jus-orange-leader-price.jpg,1
3270190127512-confiture-de-fraises-au-sucre-de-canne-bio-carrefour.jpg,0
3270160396597-nouilles-sautees-a-la-chinoise-picard-cuisine-evasion.jpg,0
3263852505414-fines-tranches-leader-price.jpg,0
3263852666719-biscuits-p-tit-dej-abricots-amandes-et-pepites-de-chocolat-leader-price.jpg,0
26066639-24-batonnets-a-base-de-surimi-4-sachets-fraicheur-golden-seafood-aldi-einkauf-gmbh-compagnie-ohg.jpg,0
3272320012286-l-ortolan-bio-paysange.jpg,0
20292898-2-steaks-haches-saumon-atlantic.jpg,0
3259381175419-marrons-entier-cuits-a-la-vapeur-minerve.jpg,0
3263859700119-le-petit-suisse-nature-10-mg-leader-price.jpg,0
20180393-meli-melo-de-carottes-et-de-celeri-saladinettes.jpg,0
3263850684197-tomato-ketchup-nature-leader-price.jpg,1
3268350120572-twibio-framboise-le-moulin-du-pivert-twibio.jpg,0
20223427-couscous-golden-sun.jpg,0
3268350120770-fourres-fruits-rouge-eclats-de-cassis-le-moulin-du-pivert.jpg,0
3270160727810-12-sushis-au-saumons-6-nigiri-saumon-et-6-california-rolls-saumon-avocat-picard.jpg,0
3256224112365-thon-entier-au-naturel-peche-a-la-canne-u.jpg,0
20418182-beurre-tendre-leger-40-mg-doux-milbona.jpg,0
3270190207467-beurre-demi-sel-origine-bretagne-carrefour.jpg,0
3270160586066-cake-pur-beurre-au-chocolat-cuit-surgele-picard.jpg,0
80052043-tic-tac-menthe-tic-tac.jpg,0
26044163-cornichons-croquants-extra-fins-regalo.jpg,0
20195595-franzosischer-frischkase-aus-ziegenmilch-petit-chebra.jpg,0
87157154-barbecue-sauce-heinz.jpg,1
20177218-edelschokolade-aus-original-arriba-ecuador-edelcacao-70-noir-degustation-70-au-croquant-de-caramel-equateur-j-d-gross.jpg,0
3259010108061-croc-seitan-a-l-indienne-soy.jpg,0
3270160865291-petit-sale-aux-lentilles-vertes-du-puy-picard.jpg,0
3263850029417-huile-d-olive-vierge-extra-leader-price.jpg,1
20422417-tomato-ketchup-kania.jpg,1
3257984362861-pate-a-tartiner-cora.jpg,1
3270190203414-blanc-de-poulet-dore-au-four-4-tranches-carrefour-cmi-carrefour-marchandises-internationales-groupe-carrefour.jpg,0
26064581-creme-dessert-saveur-cafe-ursi-aldi-einkauf-gmbh-compagnie-ohg.jpg,0
20621445-petales-de-ble-chocolat-crownfield.jpg,0
26065656-mozzarella-casale-fresco.jpg,0
3256220213202-langues-de-chats-u.jpg,0
3254565471301-2-cordons-bleus-de-dinde-auchan-l-oiseau-auchan-production-groupe-auchan.jpg,0
26017228-tartines-craquantes-au-froment-narvik.jpg,0
3256220361118-pains-pita-u.jpg,0
3265479432005-huile-d-olive-vierge-extra-bio-puget-puget.jpg,1
3270160218653-poulet-tikka-et-riz-basmati-picard.jpg,0
3259426033131-madeleines-aux-pepites-de-chocolat-ker-cadelac.jpg,0
3272770092883-camembert-coeur-de-lion.jpg,0
3270160133369-potage-brighton-picard.jpg,0
26001043-jus-de-pomme-a-base-de-concentre-goldhorn.jpg,0
0014113230025-almonds-amandes-grillees-salees-wonderful.jpg,0
20298760-huile-d-olive-vierge-extra-biologique-d-espagne-biotrend.jpg,1
20637996-deli-pocket-bolognaise-trattoria-alfredo-alfredo.jpg,0
3270190128519-biscuits-chocolat-noir-x-12-carrefour.jpg,0
3256220870511-pain-de-mie-nature-u-bio.jpg,0
26017242-pain-grille-narvik.jpg,0
3266980035297-foies-de-volaille-le-gaulois.jpg,0
3258231068000-beurre-a-o-p-charentes-poitou-doux-surgeres.jpg,0
20413422-noix-de-cajou-alesto-lidl-stiftung-co-kg.jpg,0
20396138-madeleines-coquilles-delices-de-kerloch.jpg,0
20226572-herbes-aromatiques-pour-salades-kania-lidl.jpg,0
3270190127871-cookies-choco-noisettes-x-12-carrefour.jpg,0
3254560150423-paves-de-saumon-atlantique-nourris-sans-ogm-le-poissonnier-auchan.jpg,0
3272030018233-moulin-de-valdonne-les-recettes-peche-abricot-moulin-de-valdonne.jpg,1
3259011142132-tempeh-a-cuisiner-soy.jpg,0
3265471024086-coeur-de-tournesol-lesieur.jpg,1
26067353-lardons-fumes-qualite-superieure-couronne-d-or-couronne-d-or-aldi.jpg,0
76145513-toblerone-50-g-kraft-foods-toblerone.jpg,0
20516673-cuite-sur-pierre-thon-trattoria-alfredo-alfredo.jpg,0
20443917-viande-des-grisons-sechee-en-suisse-saint-alby.jpg,0
3270160696871-lasagnes-au-saumon-et-aux-epinards-picard.jpg,0
3259011124824-croc-tofu-chevre-epinards-graines-de-pavot-soy.jpg,0
3259010301608-croc-tofu-aux-algues-de-bretagne-soy.jpg,0
3268650004053-carola-carola.jpg,0
40111216-bounty-bounty-mars.jpg,0
3270190204008-pate-feuilletee-pure-beurre-carrefour.jpg,0
3254690086104-le-bio-pour-toute-la-famille-pomme-doux-pressade.jpg,0
20441944-gnocchi-a-poeler-toque-du-chef.jpg,0
80633044-trancetto-cacao-balconi.jpg,0
3263850805813-flocons-d-avoine-leader-price.jpg,0
20496470-hot-spicy-crusti-croc.jpg,1
80177616-kinder-chocolat-kinder-ferrero.jpg,0
20563127-sauce-barbecue-kania.jpg,0
26037684-sables-aux-cereales-chocolat-au-lait-mes-p-tits-secrets-biscuits-poult.jpg,0
0000087177756-7up-7up-pepsico.jpg,1
3270190128175-boulgour-bio-carrefour-bio-carrefour.jpg,0
3256223671115-fine-gaufrettes-framboise-u.jpg,0
3270160838110-pizza-chevre-miel-noix-picard.jpg,0
26004167-miel-liquide-tamara.jpg,1
3256221675955-jus-multifruits-a-base-de-concentre-u.jpg,0
20243326-chips-a-l-ancienne-crusti-croc.jpg,0
87157215-tomato-ketchup-heinz.jpg,1
3265472163005-fleur-de-colza-lesieur.jpg,1
3256223669822-compote-pomme-fraise-u-bio.jpg,1
3261055732200-le-cassoulet-mitonne-format-familial-william-saurin.jpg,0
3270190020929-yaourt-nature-brasse-carrefour.jpg,0
40822938-fanta-fanta.jpg,1
3263859465018-pate-feuilletee-leader-price.jpg,0
3270160769698-sorbet-cerise-griotte-picard.jpg,0
3270160717743-pizza-siciliana-picard.jpg,0
3259011083312-tofu-soyeux-soy.jpg,0
3263859766917-vollkornbrot-leader-price.jpg,0
20452735-grandino-nougatine-cookies-sondey.jpg,0
3270160649631-2-sabayons-de-langoustines-et-de-saint-jacques-au-sauternes-surgeles-picard.jpg,0
26038681-cereactive-chocolat-swing.jpg,0
3270160005451-escalopes-de-poulet-surgelees-picard.jpg,0
20457648-bifidus-saveur-vanille-12-x-milbona-lidl-stiftung-co-kg.jpg,0
3256220212052-petit-beurre-tablette-chocolat-noir-u.jpg,0
20239220-mayonnaise-a-la-moutarde-de-dijon-vita-d-or.jpg,1
20339906-lait-demi-ecreme-sterilise-uht-milbona-envia.jpg,1
3254560077225-ravioli-pur-boeuf-auchan.jpg,0
3263859457716-salami-danois-fume-au-bois-de-hetre-le-prix-gagnant.jpg,0
3270190212980-carottes-rapees-au-jus-de-citron-de-sicile-carrefour.jpg,0
26019628-riz-basmati-bon-ri-aldi-einkauf-gmbh-compagnie-ohg.jpg,0
3270160478811-2-clafoutis-aux-tomates-et-aux-fromages-de-chevre-et-de-brebis-picard.jpg,0
20177492-original-kanadischer-ahornsirup-mcennedy-lidl.jpg,1
3263859050313-petit-suisse-frais-nature-leader-price.jpg,0
3256220450140-muesli-croustillant-aux-3-chocolats-u.jpg,1
3267370050029-vals-vals.jpg,1
26038728-remix-gelifies-petit-furet.jpg,0
3270160396917-8-nems-au-poulet-avec-sauce-nuoc-mam-precuits-surgeles-2-parts-cuisine-evasion-picard.jpg,0
3250541918013-mayonnaise-fine-qualite-traiteur-maille-unilever-unilever-france.jpg,1
3259011010745-croque-tofou-curry-et-pavot-soy.jpg,0
20396831-blanc-de-poulet-aux-herbes-4-tranches-saint-alby-lidl-stiftung-co-kg.jpg,0
20229108-freeway-cola-0-freeway.jpg,1
26039572-chocolat-au-lait-chateau.jpg,0
3270160573769-lasagnes-a-la-bolognaise-surgelees-picard-formule-express.jpg,0
20270261-confiture-de-fraises-75-de-fruits-maribel-deluxe.jpg,1
3256540031074-briochettes-au-levain-pasquier-pasquier-brioche-pasquier.jpg,0
3263850072512-lait-ecreme-en-poudre-leader-price.jpg,0
20533267-sushi-box-naniwa-chef-select-to-go.jpg,0
20408442-witti-s-a-l-emmental-crusti-croc.jpg,0
3256220360531-croutons-nature-u.jpg,0
20190736-melange-de-jus-de-fruits-vitafit.jpg,1
20176587-biscuits-sables-chocolat-au-lait-sondey.jpg,0
20211141-captain-rondo-choco-duo-sondey.jpg,0
20412661-veritable-jambon-persille-claviere.jpg,0
3265478446003-mayonnaise-lesieur.jpg,0
3270190127505-cornichons-a-croquer-extra-fins-carrefour-groupe-carrefour.jpg,0
20255497-macedoine-de-legumes-saladinettes.jpg,0
3263855091228-100-jus-d-orange-leader-price.jpg,0
3270190136880-moutarde-de-dijon-carrefour-bio-carrefour.jpg,0
50157617-ketchup-heinz.jpg,1
3252378001319-sel-fin-iode-cerebos.jpg,1
26073651-10-pains-au-lait-extra-moelleux-les-patissades-aldi.jpg,0
3270190127529-confiture-d-abricots-au-sucre-de-canne-carrefour-bio-carrefour.jpg,0
54492387-coca-cola-light-coca-cola.jpg,1
20534080-crudites-jambon-emmental-oeufs-chef-select-to-go.jpg,0
3256224252054-beurre-moule-de-bretagne-demi-sel-80-mg-u.jpg,0
3254560618855-chips-a-l-ancienne-coupe-fine-auchan.jpg,0
3250391737161-petit-beurre-chabrior.jpg,0
20682330-blanc-de-poulet-saint-alby.jpg,0
3254381025887-eau-de-source-cristaline.jpg,1
3270190136842-confiture-de-myrtilles-carrefour.jpg,0
3270160203611-aiguillettes-de-poulet-aux-epices-tandoori-picard.jpg,0
3254691585804-mangue-passion-pressade.jpg,1
26035468-les-galettes-bretonnes-pur-beurre-kergrist.jpg,0
80042556-polpa-tomates-concassees-fines-mutti.jpg,1
20210090-pur-jus-de-pamplemousse-vitafit.jpg,1
3256220034890-emmental-francais-rape-u.jpg,0
80176800-nutella-ferrero-nutella.jpg,1
20250454-pate-brisee-pur-beurre-crusti-frais-lidl.jpg,0
3254691585934-le-bio-multifruit-pressade.jpg,1
3270190117759-vinaigrette-nature-allegee-en-matieres-grasses-25-mg-carrefour-carrefour.jpg,1
3270160471966-2-galettes-au-sarrasin-jambon-champignon-emmental-surgelees-picard.jpg,0
20198428-allumettes-de-lardons-fumees-saint-alby-lidl-stiftung-co-kg.jpg,0
3268840001008-eau-de-source-cristaline.jpg,1
40055626-kit-kat-kit-kat-nestle.jpg,0
54492806-ion-4-gout-citron-powerade.jpg,1
3255290250520-gateau-au-fromage-blanc-le-ster.jpg,0
26034669-gaufrettes-fines-au-beurre-delice-veritable-delice.jpg,0
3254381047995-peche-cristaline.jpg,1
20501006-brioche-tressee-maitre-jean-pierre-maitre-jean-pierre.jpg,0
26021133-veloute-de-poireaux-pommes-de-terre-les-printanieres-soup-ideale.jpg,0
3270190024309-yaourt-nature-carrefour.jpg,1
54050082-tripel-karmeliet.jpg,1
3270190136873-vinaigre-de-cidre-bio-carrefour-carrefour-bio-carrefour.jpg,1
3261055939142-le-ravioli-bolognaise-au-poulet-panzani.jpg,0
3270190156222-spaghetti-semi-complets-bio-carrefour-bio-groupe-carrefour.jpg,0
3256224234159-lait-ecreme-0-mg-u.jpg,1
3270160137664-so-soupe-bouillabaisse-grondin-colin-d-alaska-moules-picard.jpg,0
20367343-yaourt-a-la-grecque-eridanous-milbona.jpg,0
3256221848274-crepes-fourrage-au-chocolat-mat-lou-u.jpg,0
3270190137344-ketchup-carrefour-carrefour.jpg,1
3256224060888-tartines-croustillantes-aux-cereales-u.jpg,0
20448653-recette-cremeuse-aux-fruits-milbona.jpg,0
3259011799893-galettes-sarrasin-boulghour-a-l-emmental-cereal-bio.jpg,0
20316365-biscino-coeur-fondant-au-lait-sondey.jpg,0
3263859580315-cordon-bleu-de-dinde-leader-price-groupe-casino.jpg,0
30034600-chewing-gum-chlorophylle-hollywood.jpg,0
3270160343232-sorbet-noix-de-coco-picard.jpg,0
3251510550005-oasis-sorbet-tropical-nouvelle-recette-oasis.jpg,1
3270160687114-veloute-lentilles-corail-creme-de-coco-curry-coriandre-picard.jpg,1
3270190023661-lardons-nature-carrefour.jpg,0
20452612-comte-12-mois-d-affinage-au-lait-cru-saveurs-de-nos-regions.jpg,0
20364625-basmati-golden-sun-lidl.jpg,0
3263859769826-4-muffins-leader-price.jpg,0
3256220118460-u-fourrees-chocolat-u.jpg,0
3258561400518-pain-de-mie-complet-14-grandes-tranches-belle-france-francap-distribution.jpg,0
3270160196876-8-portions-panees-de-colin-d-alaska-picard.jpg,0
20621483-linessa-bran-flakes-crownfield.jpg,0
3265474000018-isio-4-lesieur.jpg,0
3259010201106-grinioc-petit-epeautre-et-legumes-soy.jpg,0
3270720005600-cranberries-mix-daco-bello.jpg,0
3256221498417-tuiles-gout-paprika-u.jpg,1
3263859761912-pain-de-mie-7-cereales-leader-price.jpg,0
3256224311027-cancoillotte-nature-u.jpg,0
3256224701170-brocolis-en-fleurettes-u.jpg,0
20443627-tartelettes-chocolat-noix-de-coco-sondey.jpg,1
20258207-puree-harvest-basket.jpg,0
20398989-biscuits-cuillers-sondey.jpg,0
3254691586054-le-bio-pour-toute-la-famille-multifruits-pressade.jpg,0
0046000815213-melange-d-epices-pour-guacamole-old-el-paso.jpg,0
40111445-m-m-s-peanut-m-m-s.jpg,0
3256220269377-oeufs-frais-bio-x-10-calibre-gros-u-bio-u.jpg,0
3270190182153-galettes-bretonnes-pur-beurre-carrefour-bio.jpg,0
3250391746170-mais-doux-en-grains-bio-saint-eloi-intermarche.jpg,0
20332389-fines-crepes-dentelle-saveurs-de-nos-regions-lidl.jpg,0
50997879-fisherman-s-friend-menthe-fisherman-s-friend.jpg,0
3252753180004-quatre-quarts-le-ster.jpg,0
3263851925114-creme-de-marrons-vanillee-leader-price.jpg,0
3267110001038-puree-crue-noisette-perl-amande.jpg,0
3263850614613-riz-basmati-leader-price.jpg,0
0014100097006-chocolate-chunk-milk-chocolate-macadamia-crispy-cookies-chocolate-chunk-pepperidge-farm.jpg,0
3263859447410-jambon-de-paris-25-de-sel-decouenne-degraisse-leader-price-dlp-distribution-leader-price-groupe-casino.jpg,0
26013077-chorizo-superieur-doux-meme-code-barre-26013077-que-chorizo-superieur-fort-voir-2000000007433-le-flutiau-aldi.jpg,0
3250541912592-moutarde-de-dijon-fine-et-forte-amora-unilever.jpg,0
20267605-noix-de-cajou-alesto.jpg,0
3272036002182-recette-provencale-moulin-de-valdonne.jpg,1
40056470-smarties-x5-nestle-smarties.jpg,0
42070474-freedent-white-fruit-freedent-freedent-white-wrigley.jpg,1
3263859331917-beurre-de-baratte-doux-bio-82-mg-leader-price-bio-groupe-casino.jpg,0
26036472-chip-s-a-l-ancienne-nature-pirato-aldi-einkauf-gmbh-compagnie-ohg.jpg,0
20432775-tartine-cuisson-doux-vita-d-or.jpg,0
3256222414225-ravioli-u.jpg,1
3256540010857-8-beignets-gout-chocolat-pitch.jpg,0
3254380008430-eau-de-source-gazeifiee-cristaline.jpg,1
3270190213819-lait-de-montagne-demi-ecreme-carrefour-groupe-carrefour.jpg,1
3263670128413-sardines-genereuse-a-la-tomate-connetable.jpg,0
3256221498462-tuiles-gout-sale-u.jpg,1
20593940-maxi-bacon-burger-micro-ondable-chef-select-to-go-chef-to-go-select.jpg,0
50457137-heinz-tomato-ketchup-heinz.jpg,1
3270190005094-sirop-de-menthe-carrefour.jpg,1
3256540035614-pitch-brioches-pepites-de-chocolat-x-8-pitch-brioche-pasquier-pasquier.jpg,0
3250391993703-mon-gourmand-superieur-sans-couenne-10-tranches-monique-ranou.jpg,0
0037600106412-skippy-extra-crunchy-supercrunch-skippy.jpg,0
3256540000643-pitch-8-brioches-pepites-chocolat-pasquier.jpg,0
3270190256076-lasagnes-a-la-bolognaise-a-l-emmental-fondu-carrefour.jpg,0
3256223800317-raisins-golden-u.jpg,0
3263852666818-biscuits-p-tit-dej-pepites-de-chocolat-leader-price.jpg,0
3251340202105-biscuits-patissiers-mousse-d-or-mousse-d-or.jpg,0
26064413-beurre-doux-leger-tendre-40-mg-tartine-cuisine-champre.jpg,0
3256220514613-cacao-non-sucre-u.jpg,0
20419011-bon-matin-granarom.jpg,1
3256221712155-huile-d-olive-u.jpg,1
3254550030230-camembert-d-isigny-22-mg-isigny-ste-mere.jpg,0
3256220666589-blanc-de-poulet-u.jpg,0
3263859352912-emmental-francais-rape-28-mg-leader-price-dlp-distribution-leader-price-groupe-casino.jpg,0
3256220133951-carottes-rapees-u.jpg,0
3256220666510-6-wraps-tortillas-de-ble-u.jpg,0
20481940-noir-amandes-entieres-bellarom.jpg,0
20201807-muesli-croustillant-aux-eclats-de-chocolat-crownfield.jpg,0
20682354-blanc-de-poulet-fume-saint-alby.jpg,0
30113152-mini-bn-gout-chocolat-bn-united-biscuits.jpg,0
20466428-filets-de-maquereaux-a-l-escabeche-nixe-lidl-stiftung-co-kg.jpg,0
3256540000339-8-croissants-au-levain-brioche-pasquier-pasquier.jpg,0
26020587-tomato-ketchup-delicato.jpg,1
3270160469314-le-marron-glace-francois-theron-picard.jpg,0
20681180-veritable-cassoulet-de-castelnaudary-au-confit-de-canard-saveurs-de-nos-regions.jpg,0
20290870-emmental-francais-rape-28-mg-etoile-d-or-lidl-stiftung-co-kg.jpg,0
80176831-country-kinder-ferrero.jpg,0
3259426022005-madeleines-ker-cadelac.jpg,0
26015057-thon-au-naturel-les-doris.jpg,0
0022314015174-creme-de-marrons-de-l-ardeche-clement-faugier.jpg,0
3256220110082-tartine-craquantes-au-froment-u.jpg,0
26020457-sauce-burger-delicato.jpg,1
26043258-puree-de-tomates-delicato.jpg,0
3256224661030-paella-au-poulet-riz-cuisine-u.jpg,0
26065663-yaourt-fruits-abricots-ananas-cerises-fraises-mures-peches-12-pots-milsa-aldi-einkauf-gmbh-compagnie-ohg.jpg,0
26033112-schovit-schovit.jpg,0
3272030016239-cocktail-de-fruits-rouges-moulin-de-valdonne.jpg,1
3270160593323-duo-de-haricots-plats-coupes-picard.jpg,0
3256540000650-brioche-tressee-au-levain-pasquier.jpg,0
3265475012003-mayonnaise-fine-douce-sans-moutarde-lesieur.jpg,0
80785293-mentos-chewing-gum-pure-fresh-au-the-vert-mentos.jpg,1
20442378-saumon-fondue-de-poireaux-surgele-ocean-trader-lidl-stiftung-co-kg.jpg,0
3259011169436-15-falafels-soy.jpg,0
50184385-marmite-yeast-extract-marmite-unilever-plc-n-v.jpg,0
3272030030235-sirop-de-citron-vert-moulin-de-valdonne.jpg,1
3251490332080-biscuits-figue-et-son-gerble.jpg,0
3270160744824-2-beignets-de-dos-de-cabillaud-picard.jpg,0
3263670399516-thon-entier-naturel-connetable.jpg,0
3256224621201-knacks-u.jpg,0
3256220020527-biscottes-aux-6-cereales-ble-seigle-avoine-orge-mais-sarrasin-u.jpg,0
3259010500049-biosoy-calcium-soy.jpg,1
20177201-chocolat-degustation-a-la-framboise-cacao-equateur-70-j-d-gross-lidl-stiftung-co-kg.jpg,0
3252971595857-crozets-au-sarrasin-alpina-savoie-alpina.jpg,0
3256220280211-farine-de-ble-type-65-u-bio-u.jpg,0
3250392057435-galettes-epeautre-et-son-d-avoine-regain.jpg,0
3254560859944-biscottes-auchan.jpg,0
3256224255017-6-oeufs-frais-de-poules-¬êelevees-en-plein-air-calibre-moyen-u.jpg,0
3254560889361-deliform-nature-auchan.jpg,0
3256540009646-brioche-tressee-au-levain-pepites-de-chocolat-brioche-pasquier-pasquier.jpg,0
3263852510319-biscotte-complete-bio-leader-price.jpg,0
30034105-chewing-gum-hollywood.jpg,0
3268350000126-twibio-fraise-le-moulin-du-pivert.jpg,0
20457631-bifidus-nature-12-x-milbona-lidl-stiftung-co-kg.jpg,0
20377120-nectar-multivitamine-linessa-light-linessa.jpg,1
20245191-muesli-croustillant-au-sirop-d-erable-et-aux-noix-de-pecan-crownfield.jpg,0
3256221115536-gazpacho-u.jpg,1
3254560371552-pain-de-mie-classic-nature-auchan.jpg,0
3263859750718-creme-epaisse-legere-15-mg-leader-price.jpg,0
30066175-sweet-gum-fraise-citron-vert-hollywood.jpg,0
20261894-chips-de-verduras-crusti-croc.jpg,0
3270160158973-2-boudins-noirs-aux-pommes-cuits-congeles-picard.jpg,0
3263859494919-pate-a-tarte-prete-a-derouler-feuilletee-leader-price.jpg,0
3261056901483-saute-de-veau-et-ses-petits-legumes-2-4-mg-william-saurin.jpg,0
3256220410977-pate-a-tartiner-u.jpg,0
3256220172318-petits-pains-grilles-au-ble-complet-u.jpg,0
3257981663916-selles-sur-cher-patrimoine-gourmand.jpg,0
3256221407242-flocons-d-avoine-bio-u.jpg,0
3250541510194-sauce-bechamel-a-la-noix-de-muscade-knorr.jpg,0
20250447-pate-feuilletee-toque-du-chef-crusti-frais.jpg,0
26048888-pizza-cuite-sur-pierre-bolognaise-meme-code-barre-26048888-pour-pizza-cuite-sur-pierre-kebab-voir-2000000026153-mama-mancini-aldi-einkauf-gmbh-compagnie-ohg.jpg,0
80310167-kinder-chocolate-ferrero.jpg,0
20213688-barquettes-abricot-sondey.jpg,1
20208110-8-crepes-chocolat-delices-de-kerloch-lidl-duc-de-coeur.jpg,0
20246006-goody-cao-goody-cao-lidl.jpg,0
3270160756971-4-demi-avocats-picard.jpg,0
3256224080435-fromage-blanc-nature-u.jpg,0
3270160718238-12-mini-wraps-picard.jpg,0
20213695-barquettes-choco-noisette-sondey-lidl.jpg,0
3270190023524-fromage-blanc-nature-0-carrefour.jpg,0
3257984014135-steaks-haches-pur-boeuf-5-mg-cora.jpg,0
26044064-moutarde-de-dijon-au-vinaigre-regalo.jpg,0
30005501-creme-23-mg-societe.jpg,1
3263850804410-mueslis-croustillant-chocolat-noir-chocolat-au-lait-et-caramel-marche-franprix-franprix.jpg,0
3250391785216-coeur-de-mie-complet-sans-croute-chabrior.jpg,0
22129581-milch-drink-lait-drink-latte-drink-valflora.jpg,0
3259010108078-croc-seitan-sesame-et-potimaron-soy.jpg,0
0022314010049-creme-de-marron-de-l-ardeche-vanillee-clement-faugier.jpg,1
26036977-sticks-bretzels-party-crack-hour.jpg,1
3257980060778-yaourt-nature-cora.jpg,0
3256221786125-spaghetti-bolognaise-u.jpg,1
3257971080112-eau-minerale-naturelle-mont-roucous-mont-roucous.jpg,1
3263859621018-yaourt-bifidus-brasse-nature-0-mg-0-sucre-ajoute-leader-price-dlp-distribution-leader-price-groupe-casino.jpg,0
3270160639489-eminces-de-poulet-surgeles-1-6-mg-picard-d-equilibre.jpg,0
3256224612919-truite-fumee-au-bois-de-hetre-200-g-u.jpg,0
42211976-black-menthol-airwaves-wrigley-s.jpg,0
30005518-societe-leger-et-fondant-11-mg-societe.jpg,1
20406691-salade-alsacienne-saladinettes-lidl-stiftung-co-kg.jpg,0
0011210601369-green-pepper-sauce-tabasco-mc-ilhenny-co.jpg,1
3256222969329-boules-enrobees-au-miel-u-u-bio.jpg,0
3266140057954-ravioles-a-poeler-basilic-300-g-saint-jean-saint-jean.jpg,0
20201791-muesli-croustillant-aux-fruits-crunchy-muesli-with-mixed-fruit-crownfield.jpg,0
20446956-compote-de-pomme-allegee-en-sucres-vergers-gourmands.jpg,0
20422561-porc-au-caramel-et-riz-basmati-vitasia-lidl-stiftung-co-kg.jpg,0
3263855091914-jus-multifruits-leader-price.jpg,0
26003436-source-faustine-saveur-citron-citron-vert-rocheval.jpg,1
3270160422234-2-moelleux-au-chocolat-surgeles-picard-picard.jpg,0
3263859080211-8-mini-gaches-leader-price.jpg,0
3259011091270-riz-complet-de-camargue-boisson-nature-soy-nutrition-nature-nutrition-sante.jpg,1
80761761-kinder-bueno-white-ferrero-kinder.jpg,0
20212223-biscuits-pour-le-petit-dejeuner-au-muesli-et-aux-fruits-sondey.jpg,0
3261055862303-saumon-sauce-oseille-et-riz-pilaf-william-saurin.jpg,0
20208615-smoothie-fraise-banane-chef-select-to-go.jpg,1
3256223360569-poelee-parisienne-u.jpg,0
20346263-sauce-crudites-fines-herbes-kania-kania.jpg,0
20186999-edel-schokoladensortiment-j-d-gross-deluxe-lidl-stiftung-co-kg-schwarz-beteiligungs-gmbh.jpg,1
3263670923414-foie-de-morue-nature-au-sel-de-guerande-connetable.jpg,0
3256224357995-pepites-et-petales-croustillants-aux-3-chocolats-u.jpg,0
20593575-yaourt-au-lait-entier-nature-milbona.jpg,0
3256220368001-quinoa-u-bio.jpg,0
3257983140651-gruyere-de-france-32-mg-patrimoine-gourmand.jpg,0
3256221407150-biscuits-epeautre-et-sesame-u-bio-u.jpg,0
3256220471923-petits-pois-et-carottes-extra-fins-u.jpg,0
40345192-smarties-nestle.jpg,0
30000148-les-rillettes-henaff-pur-porc-henaff.jpg,0
20443603-tartelettes-citron-sondey.jpg,0
3270190025641-tarama-classic-carrefour.jpg,0
20201456-vitafit-pur-jus-d-orange-vitafit.jpg,1
3270160828623-20-mini-macarons-picard.jpg,0
87157246-tomato-ketchup-heinz.jpg,1
3270190161318-dessert-au-soja-saveur-chocolat-carrefour-bio-cmi-carrefour-marchandises-internationales-groupe-carrefour.jpg,0
30067608-hollywood-parfums-menthe-fraiche-menthe-forte-hollywood.jpg,0
50457236-heinz-tomato-ketchup-heinz.jpg,1
3270190218869-emmental-francais-28-mg-carrefour-cmi-carrefour-marchandises-internationales-groupe-carrefour.jpg,0
3256220211222-palets-bretons-pur-beurre-u.jpg,0
20229030-l-hass-des-avocats-nosibe.jpg,1
20213671-barquettes-fraise-sondey-lidl.jpg,0
3256830010574-frit-up-mccain.jpg,0
3263859510114-rillettes-de-saumon-leader-price.jpg,0
20534004-wrap-poulet-roti-sauce-caesar-wraps.jpg,0
3256224311126-comte-u.jpg,0
3251490481009-cerecof-sans-cafeine-avec-chicoree-contenant-de-l-inuline-cereal-gerble.jpg,0
3256223014530-sirop-de-grenadine-u.jpg,0
3270190207702-raclette-carrefour.jpg,0
3256220023931-pur-jus-pomme-u-bio-u.jpg,1
3256220024105-jus-de-legumes-sale-a-6-g-litre-u-bio-u.jpg,1
3257984565019-lamelles-de-kebab-poulet-dinde-veau-cora.jpg,0
3256225230723-fromage-blanc-fondu-30-mg-u-mat-lou.jpg,0
3270160304769-tortillas-picard-cuisine-evasion.jpg,0
26065878-saint-marcellin-igp-22-mg-240-g-prince-du-guiers.jpg,0
3254550020262-beurre-d-isigny-extra-fin-isigny-ste-mere.jpg,0
20534011-wraps-jambon-fromage-de-brebis-sauce-au-yaourt-chef-select-to-go.jpg,1
20205607-margarine-vita-d-or.jpg,0
3256540000698-10-pains-au-lait-au-levain-pasquier-brioche-pasquier.jpg,0
3259426022029-4-madelons-extra-moelleux-pepites-de-chocolat-ker-cadelac.jpg,0
20594268-crudite-thon-mais-et-oeuf-riz-long-chef-select-to-go.jpg,0
3263850000164-brocolis-en-fleurettes-leader-price.jpg,0
3256220368124-farine-de-ble-type-110-semi-complete-u-bio-u.jpg,0
54491472-coca-cola-coca-cola.jpg,1
3270160766628-sorbet-fraise-picard.jpg,0
0018894360155-macaroni-n-cheese-big-y.jpg,0
20240776-miettes-de-thon-a-la-tomate-nixe.jpg,0
3270160872053-nouilles-legumes-sauce-soja-picard-picard.jpg,0
41526873-figues-bio-les-comtes-de-provence.jpg,0
20239237-mayonnaise-a-la-moutarde-de-dijon-legere-kania.jpg,1
3256221099898-emmental-francais-rape-u-bio-u.jpg,0
3256224310532-crottin-de-chevre-moule-a-la-main-u.jpg,0
80050124-tic-tac-menthe-tic-tac.jpg,0
26035277-madeleines-longues-aux-oeufs-tante-odile-aldi.jpg,0
20550196-crusti-croc-paprika-crusti-croc.jpg,0
3256220659147-pois-casses-u.jpg,0
26065366-emmental-francais-rape-29-mg-le-cavalier.jpg,0
54491014-coca-cola-coca-cola.jpg,1
3270190128151-chocolat-au-lait-bio-carrefour-bio-carrefour.jpg,0
20638658-classique-crusti-croc.jpg,0
54492028-sprite-sprite.jpg,1
20455569-chevre-frais-petit-chebra.jpg,0
3266191054674-pate-feuilletee-la-vie-claire-la-vie-claire.jpg,0
3256222215143-sardines-a-l-huile-d-olive-vierge-extra-u.jpg,0
3263859091910-jambon-serrano-marche-franprix-franprix.jpg,0
20386962-2-cordons-bleus-de-poulet-crusti-frais-lidl-stiftung-co-kg.jpg,0
87157093-heinz-ketchup-50-moins-sucres-heinz.jpg,1
3270190008262-huile-d-olive-vierge-extra-carrefour.jpg,1
3270190207924-brioche-tranchee-pur-beurre-18-tranches-500-g-carrefour.jpg,0
26020471-sauce-crudite-nature-15-7-mg-bourg.jpg,1
3256221976632-pomme-sans-sucres-ajoutes-u.jpg,0
26004082-agrumes-river.jpg,1
20369866-pur-jus-multifruits-vitafit.jpg,1
3272460122272-biere-blonde-pur-malt-jade-jade.jpg,1
3263670162110-la-sardine-nature-et-sa-rondelle-de-citron-connetable.jpg,0
3256224191353-pate-feuilletee-u.jpg,0
20681517-emmental-etoile-d-or.jpg,0
26017334-rillettes-de-poulet-roti-en-cocotte-corril-aldi.jpg,0
3256220177986-filets-de-sardines-sauce-tomate-basilic-olives-u.jpg,0
87303223-orange-minute-maid.jpg,1
3256224660224-taboule-a-l-orientale-u.jpg,0
26065557-fromage-blanc-3-1-mg-valblanc.jpg,0
26066301-saumon-atlantique-fume-laschinger-sera-food-gmbh.jpg,0
3256221416114-soja-nature-u.jpg,0
0009800892204-nutella-ferrero-nutella.jpg,0
20641627-cereales-croustillantes-caramel-cacao-crownfield-lidl.jpg,0
3270160648481-pizza-boeuf-epice-chorizo-picard.jpg,0
40099576-chewing-gum-sans-sucres-gout-fraise-freedent-freedent-wrigley.jpg,0
20376451-pur-jus-de-pomme-100-vitafit.jpg,1
20410940-gaufrettes-aux-framboises-delices-de-kerloch.jpg,0
80725725-chewing-gum-mentos-pure-fresh-mentos.jpg,0
20637200-veloute-de-10-legumes-toque-du-chef.jpg,1
20257798-vinaigrette-legere-kania.jpg,1
3270160755721-riz-cuisine-a-l-italienne-surgele-picard.jpg,0
20601881-huile-d-avocat-deluxe.jpg,1
3256220862905-100-pur-jus-orange-pressee-sans-pulpe-u.jpg,1
3270160177387-4-dos-de-cabillaud-picard.jpg,0
3256224658931-chorizo-fort-pur-porc-au-piment-d-espagne-u.jpg,0
3250391781966-moutarde-de-dijon-bio-bouton-d-or.jpg,0
3270160754656-poelee-de-legumes-a-la-provencale-bio-picard-picard.jpg,0
3263850580413-gaufres-au-miel-franprix-bio-franprix.jpg,0
0022314015242-creme-de-marrons-de-l-ardeche-clement-faugier.jpg,0
26006024-lait-demi-ecreme-sterilise-uht-milsani-aldi-einkauf-gmbh-compagnie-ohg.jpg,0
3259426031441-madeleines-extra-moelleuses-marbrees-chocolat-ker-cadelac.jpg,0
20533878-taboule-au-poulet-a-la-ciboulette-chef-select-to-go-lidl-stiftung-co-kg.jpg,0
3270190024835-pains-au-lait-x-10-carrefour.jpg,0
3256220114103-creme-de-marrons-vanillee-u.jpg,1
26064925-ail-et-fines-herbes-8-portions-32-5-mg-lys-de-france-aldi-einkauf-gmbh-compagnie-ohg.jpg,0
3270160113040-gratin-d-aubergines-surgele-picard.jpg,0
3256220116770-pates-de-fruits-boite-corolle-saveurs-pomme-poire-abricot-cassis-cerie-mure-u.jpg,0
26006000-lait-demi-ecreme-sterilise-uht-milsani-aldi-einkauf-gmbh-compagnie-ohg.jpg,1
3259010201502-grinioc-quinoa-et-tomates-soy.jpg,1
20352851-jus-d-orange-a-base-de-jus-d-orange-concentre-xxl-solevita.jpg,1
20389994-neo-sondey.jpg,0
3266980780159-crousty-chicken-l-original-le-gaulois.jpg,0
3270160646166-petites-pizzas-jambon-fromage-picard.jpg,0
20240769-thon-albacore-au-naturel-nixe.jpg,0
3270160636914-colin-d-alaska-a-la-bordelaise-et-riz-aux-legumes-surgeles-picard-formule-express.jpg,0
3263850052316-sel-fin-iode-sel-de-mer-leader-price.jpg,0
3256222215129-sardines-a-l-huile-de-tournesol-u.jpg,0
3270720090057-fruits-secs-formule-zen-daco-bello.jpg,0
3251320080419-4-oeufs-fermiers-gros-loue.jpg,0
80051428-nutella-ferrero-nutella.jpg,0
3256220666596-blanc-de-dinde-u.jpg,0
3270160591923-gratin-dauphinois-surgele-picard-picard.jpg,0
42099017-powerade-gout-cerise-powerade-the-coca-cola-company.jpg,1
3256224234555-lait-demi-ecreme-sterilise-uht-u.jpg,1
20466787-taboule-au-poulet-a-la-ciboulette-saladinettes-lidl-stiftung-co-kg.jpg,0
3259011161843-barres-gourmandes-cranberries-amandes-valpibio.jpg,1
0009800895250-nutella-nutella-ferrero.jpg,0
3263859400217-mozzarella-18-mg-leader-price.jpg,0
26029726-jambon-superieur-avec-couenne-4-tranches-le-marsigny.jpg,0
20681227-le-charolais-entrecote-l-etal-du-boucher-l-etal-du-boucher.jpg,1
3251490200006-pain-grille-bio-campanel-cereal-bio.jpg,0
26067971-rillettes-de-porc-epicurillades.jpg,0
3265479537007-vinaigrette-legere-isio-4-vinaigre-balsamique-saveur-basilic-lesieur.jpg,1
54492790-coca-cola-cherry-coca-cola-coca-cola.jpg,1
3270160830275-pizza-aux-4-fromages-picard.jpg,0
3263670012323-sardines-a-l-ancienne-a-l-huile-d-olive-vierge-extra-au-citron-connetable.jpg,0
3270190178866-gouters-dores-x-trem-coeur-fondant-x12-carrefour.jpg,1
0014100097037-soft-baked-chocolate-chunk-dark-chocolat-brownie-pepperidge-farm.jpg,0
3256221980813-p-tites-tranches-moelleuses-pain-de-mie-complet-u.jpg,0
3265472384004-sauces-crudites-nature-legere-lesieur.jpg,1
20245900-jus-d-orange-sans-pulpe-lidl.jpg,1
3254690088108-100-pur-jus-pomme-bio-pressade.jpg,1
3256223377420-boisson-au-riz-u-bio.jpg,1
3270160119585-lentilles-vertes-aux-lardons-surgelees-picard.jpg,0
3256224252016-beurre-de-baratte-doux-u-bio-u.jpg,0
3256540001008-pains-au-chocolat-au-levain-brioche-pasquier-pasquier.jpg,0
20263812-ravioli-100-pur-boeuf-sauce-tomate-cuisinee-combino-lidl-stiftung-co-kg.jpg,1
3254550006013-creme-a-la-vanille-de-madagascar-isigny-sainte-mere-isigny-sainte-mere.jpg,1
20205522-jus-d-orange-vitafit.jpg,1
94185454-kiwi-zespri.jpg,1
3270160834310-les-pizzas-creatives-legumes-grilles-chevre-chutney-d-olives-noires-picard.jpg,0
3259011068630-grinioc-riz-lentilles-et-colombo-soy.jpg,0
3270160334315-2-galettes-au-sarrasin-jambon-emmental-picard.jpg,0
3256222010007-confiture-fraise-au-sucre-de-cane-u.jpg,0
20368906-yaourt-cerises-yogosan-lidl-stiftung-co-kg.jpg,0
3256220280112-torsades-completes-u-u-bio.jpg,0
3265479568001-huile-isio-4-lesieur.jpg,1
3265475009003-huile-d-olive-vierge-extra-puget.jpg,1
3250392066529-huile-d-olive-vierge-extra-bouton-d-or.jpg,1
3272770003148-chavroux-13-5-mg-chavroux.jpg,0
20337179-tiramisu-deluxe-lidl-stiftung-co-kg.jpg,0
3250391896554-flocons-d-avoine-chabrior-intermarche.jpg,0
26015897-filets-de-maquereaux-sauce-moutarde-les-doris.jpg,0
20221478-pur-jus-de-4-agrumes-vitafit-vitafit.jpg,1
26007106-creme-liquide-30-mg-milsani-aldi-einkauf-gmbh-compagnie-ohg.jpg,0
3263859350413-emmental-rape-29-5-mg-leader-price-groupe-casino.jpg,1
3270160503148-puree-de-patate-douce-picard.jpg,0
42113225-freedent-white-menthe-verte-freedent-wrigley-s.jpg,0
54492653-powerade-gout-ice-storm-coca-cola-company-powerade.jpg,1
20396121-madeleines-pur-beurre-delices-de-kerloch.jpg,0
90494024-orange-minute-maid.jpg,1
50184453-marmite-marmite.jpg,0
87157239-heinz-tomato-ketchup-heinz.jpg,1
3254560609907-chococrack-rik-rok-auchan.jpg,0
80310266-kinder-country-kinder-ferrero.jpg,0
20712044-beurre-bio-moule-doux-envia.jpg,0
3270190128724-farine-de-ble-type-65-bio-carrefour-bio-carrefour.jpg,0
3257980112590-boudoirs-cora.jpg,0
3270190203629-blanc-de-dinde-dore-au-four-carrefour.jpg,0
3270190005100-sirop-grenadine-carrefour-groupe-carrefour.jpg,1
20250638-big-hit-cacahuetes-chocolatees-mister-choc-big-hit.jpg,0
3265472386008-sauce-crudites-cocktail-legere-lesieur.jpg,0
20334734-rillettes-de-poulet-roti-en-marmite-forestine-lidl-stiftung-co-kg.jpg,0
20466572-lardons-nature-saint-alby.jpg,0
20468583-pois-chiches-campo-largo-lidl.jpg,1
3252212910081-lait-ecreme-avec-vitamine-d-lactel.jpg,1
3256224310174-double-creme-30-mg-u.jpg,0
3270190174356-ratatouille-a-la-provencale-carrefour-carrefour-bio.jpg,1
26033181-chicoree-cafe-soluble-112-tasses-summa.jpg,1
3252920015306-grand-cru-doux-le-gall.jpg,0
26041124-compote-de-pommes-allegee-en-sucre-baccara.jpg,1
3263859494414-saumon-fume-aneth-leader-price.jpg,0
3256223027882-orange-sans-pulpe-100-pur-jus-u.jpg,1
3263859370213-buche-de-chevre-le-prix-gagnant.jpg,0
3270190207689-emmental-rape-carrefour.jpg,0
0014113230018-almonds-wonderful.jpg,0
3263859932114-baguette-de-campagne-leader-price-bridor.jpg,0
40122274-cornichons-aigres-doux-recette-paysanne-kuhne.jpg,0
3263670012422-sardine-a-l-ancienne-a-l-huile-d-olive-vierge-extra-au-citron-connetable.jpg,0
3270160664245-tiramisu-picard.jpg,0
3256220280150-galettes-riz-complet-et-sesame-u-bio.jpg,0
3263670034257-thon-a-l-huile-d-olive-vierge-extra-le-savoureux.jpg,0
3259011799909-galettes-millet-et-boulghour-aux-champignons-cereal-bio.jpg,0
20621452-petales-de-ble-fruits-rouges-crownfield.jpg,0
3270190113508-eau-de-source-de-montagne-carrefour.jpg,1
3254560280670-viande-des-grisons-auchan.jpg,0
3263855091136-100-pur-jus-raisin-bio-leader-price.jpg,1
87157116-tomato-ketchup-heinz.jpg,1
3256221976885-cassoulet-charcuterie-pur-porc-u.jpg,0
80050698-nutella-ferrero-nutella.jpg,0
20250461-jus-multivitamine-solevita-vitafit-lidl.jpg,1
3256220497107-galettes-4-cereales-au-riz-de-camargue-u-bio-u.jpg,0
0038000391200-froot-loops-kellogg-s.jpg,0
20446307-8-galettes-de-legumes-poireaux-carottes-pommes-de-terre-green-grocer-s.jpg,0
3251490435552-selegerme-gerble-cereal.jpg,0
50457243-heinz-tomato-ketchup-heinz.jpg,1
3270160860241-poulet-facon-fajitas-et-riz-aux-epices-picard.jpg,0
3254691586115-jus-de-pommes-bio-pressade.jpg,1
3256220066143-tortilla-chips-u-u-cuisines-decouvertes.jpg,0
3259810009919-huile-d-olive-vierge-extra-bio-soleou-soleou.jpg,0
26017259-petits-pains-grilles-au-ble-complet-narvik-aldi-einkauf-gmbh-compagnie-ohg.jpg,0
20593582-yaourt-au-lait-entier-vanille-milbona-biotrend.jpg,0
3256223010211-limonade-u.jpg,1
3253070202035-superfruits-cranberry-fruite.jpg,1
3256224632184-le-superieur-avec-couenne-u.jpg,0
3256222415239-petit-sale-aux-lentilles-cuisine-a-la-graisse-de-canard-u.jpg,1
20266387-fromage-blanc-envia-milbona-lidl.jpg,0
26073170-8-mini-gaches-les-patissades.jpg,0
20533892-coleslaw-chef-select-to-go-lidl-stiftung-co-kg.jpg,0
26035642-cookies-nougatine-pepites-de-chocolat-arizona.jpg,0
3254474003822-mais-doux-en-grain-geant-vert.jpg,0
3270190207290-knacks-pur-porc-carrefour.jpg,0
20615284-omega-3-vita-d-or.jpg,0
3270190021179-6-oeufs-frais-bio-carrefour.jpg,0
20697075-moutarde-de-dijon-winarom.jpg,1
20459703-cones-pistache-et-chocolat-gelatelli.jpg,0
0037600106009-beurre-de-cacahuetes-cremeux-skippy.jpg,0
3270160837380-2-galettes-au-sarrasin-tomates-mozzarella-basilic-picard.jpg,0
87157321-hot-chilli-ketchup-heinz.jpg,1
3270720090095-formule-detente-daco-bello.jpg,0
3256540010048-pitch-brioches-abricot-x-8-310-g-brioche-pasquier-pitch-brioche-pasquier-pasquier.jpg,0
0014100096979-chocolate-chunk-crispy-cookies-dark-chocolate-pecan-pepperidge-farm.jpg,0
3256224332404-emmental-francais-rape-30-mg-u.jpg,0
3256220023924-pur-jus-d-orange-bio-u-bio-u.jpg,1
20515102-avocats-biologiques-biotrend-comexa.jpg,0
90357473-coca-cola-zero-coca-cola-coca-cola-zero.jpg,1
3256220112222-olives-noires-denoyautees-u.jpg,0
3263855091181-jus-de-pomme-100-pur-jus-leader-price.jpg,0
20343613-bellona-haselnuss-mister-choc.jpg,0
3263859476717-carottes-rapees-leader-price.jpg,0
3263852914216-palets-bretons-pur-beurre-leader-price-dlp-distribution-leader-price-groupe-casino.jpg,1
80050100-nutella-go-ferrero-nutella-nutella-go.jpg,0
3256220280198-petit-beurre-u-bio.jpg,0
3259010005063-soycis-fumees-soy.jpg,0
20398972-jambon-cuit-dore-dulano.jpg,0
3252920020072-les-p-tits-malins-aux-fruits-grandeur-nature.jpg,0
3256224303008-beurre-tendre-doux-u.jpg,0
20212230-envitas-cereales-et-pepites-de-chocolat-alleges-en-sucres-sondey.jpg,0
3270160385430-lasagnes-a-la-bolognaise-surgelees-picard.jpg,0
3256540035676-brioche-en-tranches-au-levain-brioche-pasquier-pasquier.jpg,0
3270160578399-nouilles-aux-crevettes-et-aux-legumes-sauce-au-lait-de-coco-et-au-gingembre-surgelees-picard-cuisine-evasion.jpg,0
3263670012347-sardines-a-l-huile-d-olive-vierge-extra-connetable.jpg,0
20396145-palmiers-feuilletes-croustillants-sondey.jpg,0
20181529-snackmix-crusti-croc.jpg,1
3270190207498-taboule-oriental-carrefour.jpg,0
3261055930422-le-cassoulet-mitonne-william-saurin.jpg,0
87157260-tomato-ketchup-heinz.jpg,1
80135463-nutella-nutella-ferrero.jpg,0
20454456-naturellement-petillante-saguaro.jpg,1
3272770004725-9-minis-st-moret-17-8-mg-st-moret.jpg,0
3256224632498-le-superieur-avec-couenne-u.jpg,0
3270160695881-poulet-et-petites-pates-sauce-champignons-surgeles-picard.jpg,1
3270190185239-thon-albacore-en-tranches-au-naturel-carrefour.jpg,0
20452056-compote-pomme-sans-sucres-ajoutes-carrefour-verges-gourmands.jpg,0
76159183-cenovis-cenovis-ag-cenovis.jpg,0
26040851-cheese-burger-maxi-bistro-vite.jpg,0
3263855095004-bio-jus-multifruits-leader-price.jpg,1
3251491779280-biscotte-son-de-ble-gerble.jpg,0
3270160167395-manchons-de-poulets-roti-surgeles-picard.jpg,0
20562182-eau-minerale-naturelle-saguaro.jpg,1
26073378-cookies-chocolat-blanc-cranberry-arizona.jpg,0
3270160198016-4-portions-de-filets-de-saumon-atlantique-surgele-picard.jpg,0
3256223365304-croque-monsieur-emmental-x-10-18-mg-u.jpg,0
3250391901746-rape-aux-3-fromages-maasdam-mozzarella-emmental-28-mg-paturages-selection-des-mousquetaires-les-mousquetaires.jpg,0
3256224303015-beurre-tendre-demi-sel-u.jpg,0
3256223014578-sirop-de-peche-a-base-de-jus-de-fruits-concentres-u.jpg,1
20308766-chicoree-cafe-solubles-granarom.jpg,1
3263859345013-pointe-de-brie-32-mg-leader-price.jpg,0
3266980033613-cordon-bleu-de-poulet-le-gaulois.jpg,0
3254690670501-le-bio-a-emporter-partout-orange-pressade.jpg,1
3267031040581-camembert-de-normandie-aop-au-lait-cru-22-mg-gillot.jpg,0
0022314010025-creme-de-marrons-de-l-ardeche-clement-faugier.jpg,0
26065441-fromage-de-chevre-25-mg-chevrefin.jpg,0
3266980035303-gesiers-de-volaille-le-gaulois.jpg,0
3251491809161-soja-doux-saveur-noisette-gerble-nutrition-sante.jpg,1
3263850821219-bio-muesli-croustillant-au-chocolat-leader-price.jpg,0
3251320020620-6-gros-oeufs-fermiers-de-poules-elevees-en-liberte-loue.jpg,0
3268350120558-biscuits-p-tit-dej-bio-cereales-chocolat-le-moulin-du-pivert.jpg,0
3263670123517-sardines-a-l-ancienne-au-piment-d-espelette-connetable.jpg,0
3256220440257-corn-flakes-u.jpg,1
3270160235322-lasagnes-a-la-bolognaise-picard.jpg,0
